app_name,package_name,version_name,version_code,behavior_class,write_path_summary,random_source,flush_behavior,delete_behavior,key_implementation_notes
Android Eraser,com.cbinnovations.androideraser,1.5,1500,direct_method_with_verified_schedule,"RandomAccessFile overwrite engine with method object defining cycles and patterns",SecureRandom,"Writes through RandomAccessFile; method implementation includes stronger per-pass overwrite semantics than simple buffered file output","Rename-before-delete with UUID-like replacement plus media cleanup","Direct stored method object aligns with implemented pass schedule; report artifacts preserve method and per-file outcomes"
Andro Shredder,com.apparillos.android.androshredder,2.0.7,207,mapped_label_with_collapsed_behavior,"Primary file path uses ParcelFileDescriptor/Os.write with 4 MB chunks; fallback path uses FileOutputStream","SecureRandom generated once per session and reused across all passes","Primary SAF path uses Os.fsync(fd) after every 4 MB write; fallback path flushes only","Delete without rename-before-delete; multiple delete fallbacks and media cleanup","All 9 displayed methods collapse to the same random buffer reused across N passes; selector identifies label, not a distinct algorithm"
iShredder,com.projectstar.ishredder.android.standard,7.3,7302,direct_method_with_verified_schedule,"FileChannel-based overwrite with per-pass pattern arrays and 32 KB chunks; separate free-space wipe path",Mostly java.util.Random; BSI-2011-VS uses SecureRandom-seeded SHA-1 chain,"channel.force(false) at end of each file pass; free-space wipe forces only every 5 GB","Rename-before-delete with UUID-like filename and timestamp zeroing, then media cleanup","27 distinct algorithms are implemented, but most random passes use weak PRNG; reports_v2 and savekey_reports preserve strong corroborating artifacts"
Shredder,com.trictech.shred,1.1,2,direct_label_with_path_dependent_behavior,"Direct path uses RandomAccessFile('rws') over whole-file buffer; SAF path uses FileOutputStream over whole-file buffer","SecureRandom.getInstanceStrong() on API >= 26, else java.util.Random","Direct path hardware-synchronous via 'rws'; SAF path flush() only with no fsync/force","Delete without rename-before-delete; file.delete plus MediaStore/SAF cleanup","Same algorithm label can produce different pass counts and patterns on direct vs SAF paths; free-space wipe is not a real sanitizer"
Shreddit,com.palmtronix.shreddit.v1,5.36.251203,89,direct_label_with_algorithm_divergence,"BufferedOutputStream/FileOutputStream path with 8 KB buffers and per-pass write routines",java.util.Random,"Buffered flushes only; no explicit fsync/force","Delete without rename-before-delete; gallery/media visibility updates present","Stored labels are direct, but several advertised algorithms collapse or diverge from implementation; temporary free-space wipe files may remain"
Safe Delete,com.seeroo.safedeleteApp,1.7,7,code_only_fixed_zero_fill,"MappedByteBuffer over entire file with byte-by-byte zero fill",No random data written; dead SecureRandom instance only,"buffer.force() provides strong msync-style flush","Delete without rename-before-delete; MediaStore cleanup and optional root-assisted removal","Single hard-coded one-pass zero overwrite; external-SD SAF-protected files may be deleted without successful overwrite if raw-path mmap open fails"
Wipe Files,uk.org.platitudes.wipefiles,0.3,3,direct_configuration_with_likely_partial_overwrite,"RandomAccessFile('rw') with configurable block size and per-pass zero/random writes",java.util.Random,"No fsync, no FileChannel.force, no rws/rwd mode","Rename-before-delete with same-length uppercase random names; no MediaStore cleanup","Likely partial-overwrite defect for files larger than block_size if JADX placement is correct; deletion log is in-memory only"
ZERDAVA,com.zerdava.fileshredder,1.01.7725,7725,mapped_selector_with_verified_schedule,"Obfuscated engine with selector-driven method registry and pass routines",java.util.Random,"No strong fsync-style durability guarantee identified from inspected code","Delete behavior tied to app flow; no strong rename/timestamp-hardening path identified in note set","Selector values map to concrete methods, but some named methods collapse or diverge; notable discrepancies include CSEC ITSG-06 and shared multi-label schedules"
ZeroFill,com.ekyoulabs.zerofill,2.0.0-130426,20000,direct_datastore_method_with_strong_engine,"RandomAccessFile('rwd') with 1 MB chunks, per-pass descriptors, verification, and complement support",SecureRandom,"'rwd' provides data-synchronous write durability on each write","Delete without rename-before-delete; MediaScannerConnection cleanup after delete","Strongest overwrite implementation in the set; secure_erase_mode=false skips overwrite entirely and performs only delete"
