app_name,package_name,version_name,version_code,artifact_path,recovered_key,recovered_value,evidence_class,mapped_method_or_configuration,implementation_note
Android Eraser,com.cbinnovations.androideraser,1.5,1500,/data/data/com.cbinnovations.androideraser/shared_prefs/com.cbinnovations.androideraser.xml,cb_default_method,"Gson method object (mValue,mCycles,mPattern,mVersion)",direct_dynamic_method_evidence,"Direct stored method object; no selector mapping required","Stored object can preserve method name/value, pass count, pattern, and edition tier; implementation uses RandomAccessFile plus SecureRandom-backed random passes"
Andro Shredder,com.apparillos.android.androshredder,2.0.7,207,/data/data/com.apparillos.android.androshredder/shared_prefs/com.apparillos.android.androshredder.MainActivity.xml,shredIntensity,1,mapped_dynamic_method_evidence,Quick,"Intensity value maps to displayed method label through resources; all methods collapse to the same single random buffer reused across N passes"
Andro Shredder,com.apparillos.android.androshredder,2.0.7,207,/data/data/com.apparillos.android.androshredder/shared_prefs/com.apparillos.android.androshredder.MainActivity.xml,shredIntensity,2,mapped_dynamic_method_evidence,Russian GOST P50739-95,"Label is recoverable, but implementation still uses the same random buffer model with different pass count only"
Andro Shredder,com.apparillos.android.androshredder,2.0.7,207,/data/data/com.apparillos.android.androshredder/shared_prefs/com.apparillos.android.androshredder.MainActivity.xml,shredIntensity,3,mapped_dynamic_method_evidence,U.S. DoD 5220.22-M (E) / British HMG IS5 (E),"Label is recoverable, but implementation still uses the same random buffer model with different pass count only"
Andro Shredder,com.apparillos.android.androshredder,2.0.7,207,/data/data/com.apparillos.android.androshredder/shared_prefs/com.apparillos.android.androshredder.MainActivity.xml,shredIntensity,4,mapped_dynamic_method_evidence,2 x Russian GOST P50739-95,"Label is recoverable, but implementation still uses the same random buffer model with different pass count only"
Andro Shredder,com.apparillos.android.androshredder,2.0.7,207,/data/data/com.apparillos.android.androshredder/shared_prefs/com.apparillos.android.androshredder.MainActivity.xml,shredIntensity,5,mapped_dynamic_method_evidence,Russian GOST P50739-95 + U.S. DoD 5220.22-M,"Label is recoverable, but implementation still uses the same random buffer model with different pass count only"
Andro Shredder,com.apparillos.android.androshredder,2.0.7,207,/data/data/com.apparillos.android.androshredder/shared_prefs/com.apparillos.android.androshredder.MainActivity.xml,shredIntensity,6,mapped_dynamic_method_evidence,2 x British HMG IS5 (E),"Label is recoverable, but implementation still uses the same random buffer model with different pass count only"
Andro Shredder,com.apparillos.android.androshredder,2.0.7,207,/data/data/com.apparillos.android.androshredder/shared_prefs/com.apparillos.android.androshredder.MainActivity.xml,shredIntensity,7,mapped_dynamic_method_evidence,German BSI VSITR / U.S. DoD 5220.22-M (ECE),"Label is recoverable, but implementation still uses the same random buffer model with different pass count only"
Andro Shredder,com.apparillos.android.androshredder,2.0.7,207,/data/data/com.apparillos.android.androshredder/shared_prefs/com.apparillos.android.androshredder.MainActivity.xml,shredIntensity,8,mapped_dynamic_method_evidence,4 x Russian GOST P50739-95,"Label is recoverable, but implementation still uses the same random buffer model with different pass count only"
Andro Shredder,com.apparillos.android.androshredder,2.0.7,207,/data/data/com.apparillos.android.androshredder/shared_prefs/com.apparillos.android.androshredder.MainActivity.xml,shredIntensity,9,mapped_dynamic_method_evidence,German BSI VSITR + Russian GOST P50739-95,"Label is recoverable, but implementation still uses the same random buffer model with different pass count only"
iShredder,com.projectstar.ishredder.android.standard,7.3,7302,/data/data/com.projectstar.ishredder.android.standard/shared_prefs/com.projectstar.ishredder.android.standard_preferences.xml,ishredder_default_method,"Gson method object",direct_dynamic_method_evidence,"Direct stored method object; no selector mapping required","Stored object preserves method identity, pass count, pattern, and edition tier; most random passes use java.util.Random except BSI-2011-VS"
Shredder,com.trictech.shred,1.1,2,/data/data/com.trictech.shred/shared_prefs/com.trictech.shred_preferences.xml,algorithm,dod_3pass,direct_dynamic_method_evidence,DoD 5220.22-M (E) (3 pass),"Direct stored label; direct path appears to perform only 2 passes while SAF path performs 3"
Shredder,com.trictech.shred,1.1,2,/data/data/com.trictech.shred/shared_prefs/com.trictech.shred_preferences.xml,algorithm,british_hmg,direct_dynamic_method_evidence,British HMG IS5 (3 pass),"Direct stored label; direct path uses [0x00,random], SAF path uses [0x00,0x00,random], neither matching published HMG Enhanced"
Shredder,com.trictech.shred,1.1,2,/data/data/com.trictech.shred/shared_prefs/com.trictech.shred_preferences.xml,algorithm,russian_gost,direct_dynamic_method_evidence,Russian Standard - GOST-R-50739-95,"Direct stored label; implementation pattern [0x00,random]"
Shredder,com.trictech.shred,1.1,2,/data/data/com.trictech.shred/shared_prefs/com.trictech.shred_preferences.xml,algorithm,schneier_algo,direct_dynamic_method_evidence,Bruce Schneier's algorithm (7 pass),"Direct stored label; implementation pattern [0x01],[0x00],random x5"
Shredder,com.trictech.shred,1.1,2,/data/data/com.trictech.shred/shared_prefs/com.trictech.shred_preferences.xml,algorithm,german_vsitr,direct_dynamic_method_evidence,German VSITR (7 pass),"Direct stored label; implementation pattern [0x00],[0x01],[0x00],[0x01],[0x00],[0x01],[random]"
Shredder,com.trictech.shred,1.1,2,/data/data/com.trictech.shred/shared_prefs/com.trictech.shred_preferences.xml,algorithm,0,direct_dynamic_method_evidence,Overwrite Zeros (1 pass),"Direct stored configuration value"
Shredder,com.trictech.shred,1.1,2,/data/data/com.trictech.shred/shared_prefs/com.trictech.shred_preferences.xml,algorithm,1,direct_dynamic_method_evidence,Overwrite Ones (1 pass),"Direct stored configuration value"
Shredder,com.trictech.shred,1.1,2,/data/data/com.trictech.shred/shared_prefs/com.trictech.shred_preferences.xml,algorithm,random,direct_dynamic_method_evidence,Overwrite Random (1 pass),"Direct stored configuration value; PRNG depends on Android API level"
Shreddit,com.palmtronix.shreddit.v1,5.36.251203,89,/data/data/com.palmtronix.shreddit.v1/shared_prefs/com.palmtronix.shreddit.v1_preferences.xml,shred.algo,US_DOD_5220,direct_dynamic_method_evidence,US DoD 5220,"Direct stored label; implementation verification still required because multiple advertised algorithms collapse or diverge"
Shreddit,com.palmtronix.shreddit.v1,5.36.251203,89,/data/data/com.palmtronix.shreddit.v1/shared_prefs/com.palmtronix.shreddit.v1_preferences.xml,shred.algo,BRIT_HMG_IS5,direct_dynamic_method_evidence,British HMG IS5,"Direct stored label; implementation is equivalent to US_DOD_5220 in decompiled code"
Shreddit,com.palmtronix.shreddit.v1,5.36.251203,89,/data/data/com.palmtronix.shreddit.v1/shared_prefs/com.palmtronix.shreddit.v1_preferences.xml,shred.algo,DE_VSITR,direct_dynamic_method_evidence,German VSITR,"Direct stored label; implementation uses alternating 0xAA/0x55 before random, not a simple 0x00/0xFF summary"
Shreddit,com.palmtronix.shreddit.v1,5.36.251203,89,/data/data/com.palmtronix.shreddit.v1/shared_prefs/com.palmtronix.shreddit.v1_preferences.xml,shred.algo,RU_GOST_P50739,direct_dynamic_method_evidence,Russian GOST P50739-95,"Direct stored label; implementation pattern [0x00,random]"
Shreddit,com.palmtronix.shreddit.v1,5.36.251203,89,/data/data/com.palmtronix.shreddit.v1/shared_prefs/com.palmtronix.shreddit.v1_preferences.xml,shred.algo,BRUCE_SCHN,direct_dynamic_method_evidence,Bruce Schneier's Algorithm,"Direct stored label; implementation order and random-pass handling diverge from typical summaries"
Shreddit,com.palmtronix.shreddit.v1,5.36.251203,89,/data/data/com.palmtronix.shreddit.v1/shared_prefs/com.palmtronix.shreddit.v1_preferences.xml,shred.algo,NIST_800_88,direct_dynamic_method_evidence,NIST 800-88,"Direct stored label; decompiled implementation uses two passes rather than a one-pass sanitization interpretation"
Shreddit,com.palmtronix.shreddit.v1,5.36.251203,89,/data/data/com.palmtronix.shreddit.v1/shared_prefs/com.palmtronix.shreddit.v1_preferences.xml,shred.algo,ZERO_FILLER,direct_dynamic_method_evidence,Zero Filler,"Direct stored label"
Shreddit,com.palmtronix.shreddit.v1,5.36.251203,89,/data/data/com.palmtronix.shreddit.v1/shared_prefs/com.palmtronix.shreddit.v1_preferences.xml,shred.algo,ONE_FILLER,direct_dynamic_method_evidence,One Filler,"Direct stored label"
Shreddit,com.palmtronix.shreddit.v1,5.36.251203,89,/data/data/com.palmtronix.shreddit.v1/shared_prefs/com.palmtronix.shreddit.v1_preferences.xml,shred.algo,RANDOM_FILLER,direct_dynamic_method_evidence,Random Filler,"Direct stored label; random fills use java.util.Random"
Safe Delete,com.seeroo.safedeleteApp,1.7,7,N/A,N/A,N/A,code_only_reconstruction,"Fixed one-pass zero overwrite via MappedByteBuffer.force()","No user-selectable method artifact exists; overwrite model derived directly from PermanentDeleteTask"
Wipe Files,uk.org.platitudes.wipefiles,0.3,3,/data/data/uk.org.platitudes.wipefiles/shared_prefs/uk.org.platitudes.wipefiles_preferences.xml,number_passes + zero_wipe + block_size,"configuration tuple",direct_configuration_evidence,"Configurable pass count and optional zero-before-random mode","No named standard algorithms; likely partial-overwrite defect for files larger than block_size if JADX placement is correct"
ZERDAVA,com.zerdava.fileshredder,1.01.7725,7725,/data/data/com.zerdava.fileshredder/shared_prefs/ZerdavaAndroidFileShredderPreferenceHelper.xml,KEY_SELECTED_SHRED_TYPE,128,mapped_dynamic_method_evidence,British HMG Enhanced,"Selector mapping verified from decompiled registry; implementation pattern [0xFF,0x00,random]"
ZERDAVA,com.zerdava.fileshredder,1.01.7725,7725,/data/data/com.zerdava.fileshredder/shared_prefs/ZerdavaAndroidFileShredderPreferenceHelper.xml,KEY_SELECTED_SHRED_TYPE,131072,mapped_dynamic_method_evidence,CSEC ITSG-06,"Selector mapping verified from decompiled registry; implementation appears to collapse to [0x00,0xFF,0x00] rather than standard zero/one/random"
ZeroFill,com.ekyoulabs.zerofill,2.0.0-130426,20000,/data/data/com.ekyoulabs.zerofill/files/datastore/<preferences_pb>,last_algorithm_id,us_dod_5220_22m,direct_dynamic_method_evidence,US DoD 5220.22-M,"Direct stored algorithm ID in DataStore; only meaningful when secure_erase_mode=true"
ZeroFill,com.ekyoulabs.zerofill,2.0.0-130426,20000,/data/data/com.ekyoulabs.zerofill/files/datastore/<preferences_pb>,last_algorithm_id,british_hmg_is5,direct_dynamic_method_evidence,British HMG IS5,"Direct stored algorithm ID in DataStore; implementation uses SecureRandom and RandomAccessFile('rwd')"
ZeroFill,com.ekyoulabs.zerofill,2.0.0-130426,20000,/data/data/com.ekyoulabs.zerofill/files/datastore/<preferences_pb>,last_algorithm_id,german_vsitr,direct_dynamic_method_evidence,German VSITR,"Direct stored algorithm ID in DataStore; final pass is FIXED_CUSTOM('A')"
ZeroFill,com.ekyoulabs.zerofill,2.0.0-130426,20000,/data/data/com.ekyoulabs.zerofill/files/datastore/<preferences_pb>,last_algorithm_id,russian_gost_p50739,direct_dynamic_method_evidence,Russian GOST P50739-95,"Direct stored algorithm ID in DataStore; implementation uses [ZERO,RANDOM]"
ZeroFill,com.ekyoulabs.zerofill,2.0.0-130426,20000,/data/data/com.ekyoulabs.zerofill/files/datastore/<preferences_pb>,last_algorithm_id,bruce_schneier,direct_dynamic_method_evidence,Bruce Schneier,"Direct stored algorithm ID in DataStore; implementation [ONE,ZERO,RANDOM x5]"
ZeroFill,com.ekyoulabs.zerofill,2.0.0-130426,20000,/data/data/com.ekyoulabs.zerofill/files/datastore/<preferences_pb>,last_algorithm_id,nist_800_88,direct_dynamic_method_evidence,NIST 800-88,"Direct stored algorithm ID in DataStore; implementation [ZERO(v),RANDOM(v)]"
ZeroFill,com.ekyoulabs.zerofill,2.0.0-130426,20000,/data/data/com.ekyoulabs.zerofill/files/datastore/<preferences_pb>,last_algorithm_id,nist_800_88_rev1,direct_dynamic_method_evidence,NIST 800-88 Rev. 1,"Direct stored algorithm ID in DataStore; single RANDOM(v) pass"
ZeroFill,com.ekyoulabs.zerofill,2.0.0-130426,20000,/data/data/com.ekyoulabs.zerofill/files/datastore/<preferences_pb>,last_algorithm_id,rcmp_tssit_ops_ii,direct_dynamic_method_evidence,Canadian RCMP TSSIT OPS-II,"Direct stored algorithm ID in DataStore"
ZeroFill,com.ekyoulabs.zerofill,2.0.0-130426,20000,/data/data/com.ekyoulabs.zerofill/files/datastore/<preferences_pb>,last_algorithm_id,gutmann,direct_dynamic_method_evidence,Gutmann,"Direct stored algorithm ID in DataStore; full 35-pass schedule embedded in code"
ZeroFill,com.ekyoulabs.zerofill,2.0.0-130426,20000,/data/data/com.ekyoulabs.zerofill/files/datastore/<preferences_pb>,last_algorithm_id,ekyou_labs_extreme,direct_dynamic_method_evidence,Ekyou Labs Extreme,"Direct stored algorithm ID in DataStore; 50-pass composite schedule"
ZeroFill,com.ekyoulabs.zerofill,2.0.0-130426,20000,/data/data/com.ekyoulabs.zerofill/files/datastore/<preferences_pb>,last_algorithm_id,ekyou_labs_adf_2025,direct_dynamic_method_evidence,Ekyou Labs ADF 2025,"Direct stored algorithm ID in DataStore; custom 4-pass schedule"
ZeroFill,com.ekyoulabs.zerofill,2.0.0-130426,20000,/data/data/com.ekyoulabs.zerofill/files/datastore/<preferences_pb>,last_algorithm_id,nato_standard,direct_dynamic_method_evidence,NATO Standard,"Direct stored algorithm ID in DataStore"
ZeroFill,com.ekyoulabs.zerofill,2.0.0-130426,20000,/data/data/com.ekyoulabs.zerofill/files/datastore/<preferences_pb>,last_algorithm_id,us_dod_5220_22m_ece,direct_dynamic_method_evidence,US DoD 5220.22-M ECE,"Direct stored algorithm ID in DataStore"
ZeroFill,com.ekyoulabs.zerofill,2.0.0-130426,20000,/data/data/com.ekyoulabs.zerofill/files/datastore/<preferences_pb>,last_algorithm_id,bsi_2011_vs,direct_dynamic_method_evidence,BSI 2011 VS,"Direct stored algorithm ID in DataStore; includes complement passes"
ZeroFill,com.ekyoulabs.zerofill,2.0.0-130426,20000,/data/data/com.ekyoulabs.zerofill/files/datastore/<preferences_pb>,last_algorithm_id,flash_ssd,direct_dynamic_method_evidence,Flash SSD,"Direct stored algorithm ID in DataStore; [ONE,ZERO]"
ZeroFill,com.ekyoulabs.zerofill,2.0.0-130426,20000,/data/data/com.ekyoulabs.zerofill/files/datastore/<preferences_pb>,last_algorithm_id,ism_6_2_92,direct_dynamic_method_evidence,ISM 6.2.92,"Direct stored algorithm ID in DataStore; single RANDOM(v) pass"
ZeroFill,com.ekyoulabs.zerofill,2.0.0-130426,20000,/data/data/com.ekyoulabs.zerofill/files/datastore/<preferences_pb>,last_algorithm_id,nzsit_402,direct_dynamic_method_evidence,NZSIT 402,"Direct stored algorithm ID in DataStore; single RANDOM(v) pass"
ZeroFill,com.ekyoulabs.zerofill,2.0.0-130426,20000,/data/data/com.ekyoulabs.zerofill/files/datastore/<preferences_pb>,last_algorithm_id,csec_itsg_06,direct_dynamic_method_evidence,CSEC ITSG-06,"Direct stored algorithm ID in DataStore"
ZeroFill,com.ekyoulabs.zerofill,2.0.0-130426,20000,/data/data/com.ekyoulabs.zerofill/files/datastore/<preferences_pb>,last_algorithm_id,navso_p5239_26_rll,direct_dynamic_method_evidence,NAVSO P5239-26 RLL,"Direct stored algorithm ID in DataStore"
ZeroFill,com.ekyoulabs.zerofill,2.0.0-130426,20000,/data/data/com.ekyoulabs.zerofill/files/datastore/<preferences_pb>,last_algorithm_id,navso_p5239_26_mfm,direct_dynamic_method_evidence,NAVSO P5239-26 MFM,"Direct stored algorithm ID in DataStore"
ZeroFill,com.ekyoulabs.zerofill,2.0.0-130426,20000,/data/data/com.ekyoulabs.zerofill/files/datastore/<preferences_pb>,last_algorithm_id,us_dod_5220_22_ssd,direct_dynamic_method_evidence,US DoD 5220.22 SSD,"Direct stored algorithm ID in DataStore"
ZeroFill,com.ekyoulabs.zerofill,2.0.0-130426,20000,/data/data/com.ekyoulabs.zerofill/files/datastore/<preferences_pb>,last_algorithm_id,ncsc_tg_025,direct_dynamic_method_evidence,NCSC TG-025,"Direct stored algorithm ID in DataStore"
ZeroFill,com.ekyoulabs.zerofill,2.0.0-130426,20000,/data/data/com.ekyoulabs.zerofill/files/datastore/<preferences_pb>,last_algorithm_id,us_ar380_19,direct_dynamic_method_evidence,US AR380-19,"Direct stored algorithm ID in DataStore"
